taban	parlak/hevc/1000	600	1.0579	0.8666
taban	parlak/hevc/1000	620	1.0666	0.8738
taban	parlak/hevc/1000	640	1.0789	0.8839
taban	parlak/hevc/1000	650	1.0799	0.8847
taban	parlak/hevc/1000	656	1.0799	0.8847
taban	parlak/hevc/1000	657	1.2317	1.0090
taban	parlak/hevc/1000	660	1.2338	1.0107
taban	parlak/hevc/1000	670	1.2398	1.0157
taban	parlak/hevc/1000	685	1.2534	1.0268
taban	parlak/hevc/1000	700	1.2537	1.0271
taban	parlak/hevc/2000	1400	2.2968	0.9408
taban	parlak/hevc/2000	1430	2.3187	0.9497
taban	parlak/hevc/2000	1450	2.3354	0.9566
taban	parlak/hevc/2000	1465	2.3518	0.9633
taban	parlak/hevc/2000	1470	2.3518	0.9633
taban	parlak/hevc/2000	1475	2.4657	1.0099
taban	parlak/hevc/2000	1485	2.4697	1.0116
taban	parlak/hevc/2000	1500	2.4740	1.0133
taban	parlak/hevc/2000	1530	2.4924	1.0209
taban	karanlik/av1/1000	980	1.1558	0.9469
taban	karanlik/av1/1000	1010	1.1587	0.9492
taban	karanlik/av1/1000	1030	1.1730	0.9609
taban	karanlik/av1/1000	1040	1.1741	0.9618
taban	karanlik/av1/1000	1045	1.1741	0.9618
taban	karanlik/av1/1000	1050	1.3063	1.0701
taban	karanlik/av1/1000	1060	1.3073	1.0709
taban	karanlik/av1/1000	1080	1.3147	1.0770
taban	karanlik/av1/1000	1100	1.3241	1.0847
tampon1	parlak/hevc/1000	600	1.0161	0.8324
tampon1	parlak/hevc/1000	620	1.0362	0.8489
tampon1	parlak/hevc/1000	640	1.0485	0.8590
tampon1	parlak/hevc/1000	650	1.0489	0.8593
tampon1	parlak/hevc/1000	656	1.0523	0.8620
tampon1	parlak/hevc/1000	657	1.1647	0.9541
tampon1	parlak/hevc/1000	660	1.1662	0.9554
tampon1	parlak/hevc/1000	670	1.1820	0.9683
tampon1	parlak/hevc/1000	685	1.1941	0.9782
tampon1	parlak/hevc/1000	700	1.2021	0.9847
tampon1	parlak/hevc/2000	1400	2.2922	0.9389
tampon1	parlak/hevc/2000	1430	2.3159	0.9486
tampon1	parlak/hevc/2000	1450	2.3347	0.9563
tampon1	parlak/hevc/2000	1465	2.3518	0.9633
tampon1	parlak/hevc/2000	1470	2.3518	0.9633
tampon1	parlak/hevc/2000	1475	2.4652	1.0098
tampon1	parlak/hevc/2000	1485	2.4697	1.0116
tampon1	parlak/hevc/2000	1500	2.4740	1.0133
tampon1	parlak/hevc/2000	1530	2.4924	1.0209
tampon1	karanlik/av1/1000	980	1.1570	0.9478
tampon1	karanlik/av1/1000	1010	1.1611	0.9512
tampon1	karanlik/av1/1000	1030	1.1769	0.9642
tampon1	karanlik/av1/1000	1040	1.1789	0.9657
tampon1	karanlik/av1/1000	1045	1.1788	0.9657
tampon1	karanlik/av1/1000	1050	1.3078	1.0713
tampon1	karanlik/av1/1000	1060	1.3088	1.0721
tampon1	karanlik/av1/1000	1080	1.3164	1.0784
tampon1	karanlik/av1/1000	1100	1.3278	1.0877
tepe1	parlak/hevc/1000	600	0.7631	0.6252
tepe1	parlak/hevc/1000	620	0.7852	0.6432
tepe1	parlak/hevc/1000	640	0.8076	0.6616
tepe1	parlak/hevc/1000	650	0.8168	0.6691
tepe1	parlak/hevc/1000	656	0.8231	0.6743
tepe1	parlak/hevc/1000	657	0.8353	0.6843
tepe1	parlak/hevc/1000	660	0.8424	0.6901
tepe1	parlak/hevc/1000	670	0.8583	0.7031
tepe1	parlak/hevc/1000	685	0.8740	0.7160
tepe1	parlak/hevc/1000	700	0.8897	0.7288
tepe1	parlak/hevc/2000	1400	1.7811	0.7295
tepe1	parlak/hevc/2000	1430	1.8187	0.7449
tepe1	parlak/hevc/2000	1450	1.8488	0.7573
tepe1	parlak/hevc/2000	1465	1.8612	0.7623
tepe1	parlak/hevc/2000	1470	1.8710	0.7664
tepe1	parlak/hevc/2000	1475	1.8831	0.7713
tepe1	parlak/hevc/2000	1485	1.8883	0.7735
tepe1	parlak/hevc/2000	1500	1.9104	0.7825
tepe1	parlak/hevc/2000	1530	1.9530	0.7999
tepe1	karanlik/av1/1000	980	1.1720	0.9601
tepe1	karanlik/av1/1000	1010	1.1999	0.9829
tepe1	karanlik/av1/1000	1030	1.2193	0.9988
tepe1	karanlik/av1/1000	1040	1.2310	1.0085
tepe1	karanlik/av1/1000	1045	1.2354	1.0120
tepe1	karanlik/av1/1000	1050	1.2685	1.0392
tepe1	karanlik/av1/1000	1060	1.2837	1.0516
tepe1	karanlik/av1/1000	1080	1.3009	1.0657
tepe1	karanlik/av1/1000	1100	1.3275	1.0875
saq	parlak/hevc/1000	600	1.0579	0.8666
saq	parlak/hevc/1000	620	1.0666	0.8738
saq	parlak/hevc/1000	640	1.0789	0.8839
saq	parlak/hevc/1000	650	1.0799	0.8847
saq	parlak/hevc/1000	656	1.0799	0.8847
saq	parlak/hevc/1000	657	1.2317	1.0090
saq	parlak/hevc/1000	660	1.2338	1.0107
saq	parlak/hevc/1000	670	1.2398	1.0157
saq	parlak/hevc/1000	685	1.2534	1.0268
saq	parlak/hevc/1000	700	1.2537	1.0271
saq	parlak/hevc/2000	1400	2.2968	0.9408
saq	parlak/hevc/2000	1430	2.3187	0.9497
saq	parlak/hevc/2000	1450	2.3354	0.9566
saq	parlak/hevc/2000	1465	2.3518	0.9633
saq	parlak/hevc/2000	1470	2.3518	0.9633
saq	parlak/hevc/2000	1475	2.4657	1.0099
saq	parlak/hevc/2000	1485	2.4697	1.0116
saq	parlak/hevc/2000	1500	2.4740	1.0133
saq	parlak/hevc/2000	1530	2.4924	1.0209
saq	karanlik/av1/1000	980	1.1558	0.9469
saq	karanlik/av1/1000	1010	1.1587	0.9492
saq	karanlik/av1/1000	1030	1.1730	0.9609
saq	karanlik/av1/1000	1040	1.1741	0.9618
saq	karanlik/av1/1000	1045	1.1741	0.9618
saq	karanlik/av1/1000	1050	1.3063	1.0701
saq	karanlik/av1/1000	1060	1.3073	1.0709
saq	karanlik/av1/1000	1080	1.3147	1.0770
saq	karanlik/av1/1000	1100	1.3241	1.0847
taq	parlak/hevc/1000	600	1.0579	0.8666
taq	parlak/hevc/1000	620	1.0666	0.8738
taq	parlak/hevc/1000	640	1.0789	0.8839
taq	parlak/hevc/1000	650	1.0799	0.8847
taq	parlak/hevc/1000	656	1.0799	0.8847
taq	parlak/hevc/1000	657	1.2317	1.0090
taq	parlak/hevc/1000	660	1.2338	1.0107
taq	parlak/hevc/1000	670	1.2398	1.0157
taq	parlak/hevc/1000	685	1.2534	1.0268
taq	parlak/hevc/1000	700	1.2537	1.0271
taq	parlak/hevc/2000	1400	2.2968	0.9408
taq	parlak/hevc/2000	1430	2.3187	0.9497
taq	parlak/hevc/2000	1450	2.3354	0.9566
taq	parlak/hevc/2000	1465	2.3518	0.9633
taq	parlak/hevc/2000	1470	2.3518	0.9633
taq	parlak/hevc/2000	1475	2.4657	1.0099
taq	parlak/hevc/2000	1485	2.4697	1.0116
taq	parlak/hevc/2000	1500	2.4740	1.0133
taq	parlak/hevc/2000	1530	2.4924	1.0209
taq	karanlik/av1/1000	980	1.1558	0.9469
taq	karanlik/av1/1000	1010	1.1587	0.9492
taq	karanlik/av1/1000	1030	1.1730	0.9609
taq	karanlik/av1/1000	1040	1.1741	0.9618
taq	karanlik/av1/1000	1045	1.1741	0.9618
taq	karanlik/av1/1000	1050	1.3063	1.0701
taq	karanlik/av1/1000	1060	1.3073	1.0709
taq	karanlik/av1/1000	1080	1.3147	1.0770
taq	karanlik/av1/1000	1100	1.3241	1.0847
qres	parlak/hevc/1000	600	1.0457	0.8566
qres	parlak/hevc/1000	620	1.0518	0.8616
qres	parlak/hevc/1000	640	1.0579	0.8666
qres	parlak/hevc/1000	650	1.0680	0.8749
qres	parlak/hevc/1000	656	1.0680	0.8749
qres	parlak/hevc/1000	657	1.2123	0.9931
qres	parlak/hevc/1000	660	1.2144	0.9949
qres	parlak/hevc/1000	670	1.2425	1.0179
qres	parlak/hevc/1000	685	1.2434	1.0186
qres	parlak/hevc/1000	700	1.2454	1.0202
qres	parlak/hevc/2000	1400	2.2909	0.9384
qres	parlak/hevc/2000	1430	2.3137	0.9477
qres	parlak/hevc/2000	1450	2.3461	0.9610
qres	parlak/hevc/2000	1465	2.3511	0.9630
qres	parlak/hevc/2000	1470	2.3511	0.9630
qres	parlak/hevc/2000	1475	2.4560	1.0060
qres	parlak/hevc/2000	1485	2.4744	1.0135
qres	parlak/hevc/2000	1500	2.4781	1.0150
qres	parlak/hevc/2000	1530	2.4984	1.0233
qres	karanlik/av1/1000	980	1.1489	0.9412
qres	karanlik/av1/1000	1010	1.1558	0.9468
qres	karanlik/av1/1000	1030	1.1669	0.9560
qres	karanlik/av1/1000	1040	1.1691	0.9577
qres	karanlik/av1/1000	1045	1.1691	0.9577
qres	karanlik/av1/1000	1050	1.3037	1.0680
qres	karanlik/av1/1000	1060	1.3059	1.0698
qres	karanlik/av1/1000	1080	1.3114	1.0743
qres	karanlik/av1/1000	1100	1.3247	1.0852
cbr	parlak/hevc/1000	600	0.7631	0.6252
cbr	parlak/hevc/1000	620	0.7852	0.6432
cbr	parlak/hevc/1000	640	0.8076	0.6616
cbr	parlak/hevc/1000	650	0.8168	0.6691
cbr	parlak/hevc/1000	656	0.8231	0.6743
cbr	parlak/hevc/1000	657	0.8352	0.6842
cbr	parlak/hevc/1000	660	0.8427	0.6904
cbr	parlak/hevc/1000	670	0.8582	0.7031
cbr	parlak/hevc/1000	685	0.8743	0.7162
cbr	parlak/hevc/1000	700	0.8893	0.7286
cbr	parlak/hevc/2000	1400	1.7811	0.7295
cbr	parlak/hevc/2000	1430	1.8191	0.7451
cbr	parlak/hevc/2000	1450	1.8481	0.7570
cbr	parlak/hevc/2000	1465	1.8636	0.7634
cbr	parlak/hevc/2000	1470	1.8718	0.7667
cbr	parlak/hevc/2000	1475	1.8830	0.7713
cbr	parlak/hevc/2000	1485	1.8917	0.7748
cbr	parlak/hevc/2000	1500	1.9144	0.7841
cbr	parlak/hevc/2000	1530	1.9506	0.7990
cbr	karanlik/av1/1000	980	1.1713	0.9595
cbr	karanlik/av1/1000	1010	1.1980	0.9814
cbr	karanlik/av1/1000	1030	1.2167	0.9967
cbr	karanlik/av1/1000	1040	1.2316	1.0089
cbr	karanlik/av1/1000	1045	1.2366	1.0131
cbr	karanlik/av1/1000	1050	1.2678	1.0386
cbr	karanlik/av1/1000	1060	1.2810	1.0494
cbr	karanlik/av1/1000	1080	1.2995	1.0646
cbr	karanlik/av1/1000	1100	1.3261	1.0864
tepe15t1	parlak/hevc/1000	600	0.9397	0.7698
tepe15t1	parlak/hevc/1000	620	0.9591	0.7857
tepe15t1	parlak/hevc/1000	640	0.9702	0.7948
tepe15t1	parlak/hevc/1000	650	0.9728	0.7969
tepe15t1	parlak/hevc/1000	656	0.9762	0.7997
tepe15t1	parlak/hevc/1000	657	1.0872	0.8906
tepe15t1	parlak/hevc/1000	660	1.0891	0.8922
tepe15t1	parlak/hevc/1000	670	1.1046	0.9049
tepe15t1	parlak/hevc/1000	685	1.1265	0.9228
tepe15t1	parlak/hevc/1000	700	1.1399	0.9338
tepe15t1	parlak/hevc/2000	1400	2.1602	0.8848
tepe15t1	parlak/hevc/2000	1430	2.1908	0.8973
tepe15t1	parlak/hevc/2000	1450	2.2124	0.9062
tepe15t1	parlak/hevc/2000	1465	2.2237	0.9108
tepe15t1	parlak/hevc/2000	1470	2.2261	0.9118
tepe15t1	parlak/hevc/2000	1475	2.3264	0.9529
tepe15t1	parlak/hevc/2000	1485	2.3340	0.9560
tepe15t1	parlak/hevc/2000	1500	2.3457	0.9608
tepe15t1	parlak/hevc/2000	1530	2.3718	0.9715
tepe15t1	karanlik/av1/1000	980	1.1551	0.9462
tepe15t1	karanlik/av1/1000	1010	1.1652	0.9546
tepe15t1	karanlik/av1/1000	1030	1.1788	0.9657
tepe15t1	karanlik/av1/1000	1040	1.1801	0.9668
tepe15t1	karanlik/av1/1000	1045	1.1801	0.9668
tepe15t1	karanlik/av1/1000	1050	1.3033	1.0677
tepe15t1	karanlik/av1/1000	1060	1.3077	1.0713
tepe15t1	karanlik/av1/1000	1080	1.3148	1.0771
tepe15t1	karanlik/av1/1000	1100	1.3290	1.0887
tepe1	parlak/hevc/1000	800	1.0223	0.8375
tepe1	parlak/hevc/1000	900	1.1467	0.9393
tepe1	parlak/hevc/1000	950	1.2103	0.9915
tepe1	parlak/hevc/1000	1000	1.2724	1.0423
tepe1	parlak/hevc/1000	1050	1.3342	1.0930
tepe1	parlak/hevc/2000	1800	2.2892	0.9377
tepe1	parlak/hevc/2000	1900	2.4183	0.9905
tepe1	parlak/hevc/2000	2000	2.5456	1.0427
tepe1	parlak/hevc/2000	2100	2.6731	1.0949
tampon1	parlak/hevc/1000	720	1.2155	0.9957
tampon1	parlak/hevc/1000	760	1.2524	1.0260
tampon1	parlak/hevc/2000	1560	2.5113	1.0286
tampon1	parlak/hevc/2000	1600	2.5466	1.0431
tampon1	karanlik/av1/1000	1020	1.1642	0.9537
tampon1	karanlik/av1/1000	1035	1.1769	0.9642
